{"structures": [[{"@module": "pymatgen.core.structure", "@class": "Structure", "charge": 0.0, "lattice": {"matrix": [[3.8478754394141608, 1e-16, 3e-16], [-1.9239377197070793, 3.3323578811308736, 1e-16], [0.0, -0.0, 6.849332012295093]], "pbc": [true, true, true], "a": 3.8478754394141608, "b": 3.8478754394141608, "c": 6.849332012295093, "alpha": 90.0, "beta": 90.0, "gamma": 119.99999999999999, "volume": 87.82554634502965}, "properties": {}, "sites": [{"species": [{"element": "V", "occu": 1}], "abc": [-0.0, -0.0, 0.0], "xyz": [0.0, 0.0, 0.0], "properties": {"magmom": 2.652}, "label": "V"}, {"species": [{"element": "Br", "occu": 1}], "abc": [0.3333333333333357, 0.6666666666666643, 0.2106198400105881], "xyz": [1.4432899320127035e-14, 2.2215719207539077, 1.442605212608992], "properties": {"magmom": -0.027}, "label": "Br"}, {"species": [{"element": "Br", "occu": 1}], "abc": [0.6666666666666643, 0.3333333333333357, 0.7893801599894119], "xyz": [1.9239377197070668, 1.1107859603769659, 5.406726799686101], "properties": {"magmom": -0.027}, "label": "Br"}]}]], "E_above_hull": [[0.38721830999999973]], "stable_structures": []}